John,Doe,1990-05-15
Jane,Smith,1985-10-22
Michael,Johnson,2000-07-08
Emily,Davis,1995-12-03
David,Wilson,1988-03-27
Sarah,Brown,1992-08-14
James,Taylor,1983-06-30
Jessica,Anderson,1997-09-19
Robert,Thomas,1981-11-25
Laura,Martinez,1993-04-10
Daniel,Harris,1999-02-05
Olivia,Clark,2002-07-21
William,Walker,1986-10-07
Sophia,Allen,1991-12-29
Ethan,Young,1994-05-02
Isabella,Hernandez,1989-09-15
Matthew,King,2001-01-11
Ava,Wright,1996-06-18
Benjamin,Lopez,1984-03-08
Charlotte,Scott,2003-08-25
Alexander,Green,1998-11-12
Mia,Adams,2005-04-30
Henry,Baker,1987-07-14
Amelia,Gonzalez,1990-02-28
Jack,Nelson,2004-09-03
Harper,Carter,1995-01-20
Lucas,Mitchell,2006-12-15
Ella,Perez,1993-06-09
Mason,Rogers,1982-05-22
Lily,Reed,2000-03-17